ID,Group,OSATS,Condition,Trial,Mean_Jerk,LDLJ,F95,Throughput_ISO,Error_Rate,Te,Duration,Path_Length,Mean_Velocity,Force_SD
PILOT_01,Unknown,,VP,1,453787.0853634281,20.361518821798015,11.580666666666668,1.2630787549247775,100.0,11.85218286305098,5.0,2416.6528693346036,482.7451295446876,37.42078943649425
PILOT_02,Unknown,,VP,1,86402.85030504367,17.102520839217203,12.379333333333335,1.7313404260400067,100.0,2.334415743295267,5.0,2358.917838736561,471.82707418608567,36.43424644927668
VIRTUAL_EXP_01,Expert,22.0,VP,1,132537.02200606168,18.31972050672763,11.98,1.4335904472134218,100.0,4.608804453107626,5.354002641060209,2360.918857629361,472.13287207283565,36.434246449276685
VIRTUAL_EXP_02,Expert,29.0,VP,1,140115.1173706618,17.903281558942247,10.582333333333334,1.6119209313575407,100.0,4.109323966591206,4.864221469400882,2359.185742132625,471.7193282332155,36.434246449276685
VIRTUAL_EXP_03,Expert,28.0,VP,1,136758.0051858141,18.272784787006042,10.782000000000002,1.4941969791084069,100.0,3.972302644140074,5.280426176264157,2361.784790147555,472.28762716554104,36.434246449276685
VIRTUAL_NOV_01,Novice,10.0,VP,1,460527.90084791055,20.744100831752576,11.381000000000002,1.1585211485018614,100.0,12.681113775487677,5.367894979636492,2418.5367678990324,483.079045154872,37.42078943649425
VIRTUAL_NOV_02,Novice,12.0,VP,1,479383.65251511586,20.104159403045173,11.181333333333335,1.296007146428223,100.0,14.48943024896922,4.649878870103556,2420.6968817128313,483.4954759916638,37.42078943649425
VIRTUAL_NOV_03,Novice,8.0,VP,1,467882.13241608697,20.573741566498704,11.181333333333335,1.192608219211931,100.0,13.24846767270311,5.160925207039695,2423.315309310855,484.05641444817087,37.42078943649425
